{
  "model_version": "2.0",
  "training_samples": 342,
  "test_accuracy": 0.37209302325581395,
  "cv_mean": 0.35370843989769823,
  "cv_std": 0.05728757533845156,
  "feature_dimension": 10906,
  "classes": [
    "heart",
    "oblong",
    "oval",
    "round",
    "square"
  ]
}